GLOBAL UNIQUE IDENTIFIER,LAST EDITED DATE,TAXONOMIC ORDER,CATEGORY,TAXON CONCEPT ID,COMMON NAME,SCIENTIFIC NAME,SUBSPECIES COMMON NAME,SUBSPECIES SCIENTIFIC NAME,EXOTIC CODE,OBSERVATION COUNT,BREEDING CODE,BREEDING CATEGORY,BEHAVIOR CODE,AGE/SEX,COUNTRY,COUNTRY CODE,STATE,STATE CODE,COUNTY,COUNTY CODE,IBA CODE,BCR CODE,USFWS CODE,ATLAS BLOCK,LOCALITY,LOCALITY ID,LOCALITY TYPE,LATITUDE,LONGITUDE,OBSERVATION DATE,TIME OBSERVATIONS STARTED,OBSERVER ID,SAMPLING EVENT IDENTIFIER,PROTOCOL TYPE,PROTOCOL CODE,PROJECT CODE,DURATION MINUTES,EFFORT DISTANCE KM,EFFORT AREA HA,NUMBER OBSERVERS,ALL SPECIES REPORTED,GROUP IDENTIFIER,HAS MEDIA,APPROVED,REVIEWED,REASON,TRIP COMMENTS,SPECIES COMMENTS
URN:CornellLabOfOrnithology:EBIRD:OBS1248378746,2023-05-18 1:22:33,8271,species,avibase-FED3756C,Bald Eagle,Haliaeetus leucocephalus,,,,1,,,,,United States,US,California,US-CA,Glenn,US-CA-021,US-CA_231,32,USFWS_659,,Sacramento NWR,L168785,H,39.405434,-122.17191,1998-01-04,,obsr162737,S95462863,Incidental,P20,EBIRD,,,,,0,,0,1,0,,,1 imm
URN:CornellLabOfOrnithology:EBIRD:OBS562298342,2022-10-21 9:07:10,8271,species,avibase-FED3756C,Bald Eagle,Haliaeetus leucocephalus,,,,X,,,,,United States,US,California,US-CA,Glenn,US-CA-021,US-CA_231,32,USFWS_659,,Sacramento NWR--Auto Route & Visitor Center,L837268,H,39.4284385,-122.1564999,1998-01-04,,obsr150556,S41480333,Historical,P62,EBIRD,,,,,0,,0,1,0,,,
URN:CornellLabOfOrnithology:EBIRD:OBS111537571,2024-09-10 0:05:09,8271,species,avibase-FED3756C,Bald Eagle,Haliaeetus leucocephalus,,,,X,,,,,United States,US,California,US-CA,Glenn,US-CA-021,US-CA_231,32,USFWS_659,,Sacramento NWR,L168785,H,39.405434,-122.17191,1998-01-15,6:00:00,obsr239475,S7791291,Area,P23,EBIRD,720,,404.6856,3,1,,0,1,0,,,
URN:CornellLabOfOrnithology:EBIRD:OBS88425866,2021-10-20 9:01:47,8271,species,avibase-FED3756C,Bald Eagle,Haliaeetus leucocephalus,,,,1,,,,"Unknown Sex, Immature (1)",United States,US,California,US-CA,Los Angeles,US-CA-037,,32,,,Sepulveda Basin--East of Woodley Ave,L194688,H,34.1767221,-118.4737308,1998-01-17,8:00:00,obsr209089,S6186981,Traveling,P22,EBIRD,180,2.414,,2,1,,0,1,0,,Exotics: 1 Greylag goose; 2 Muscovy Ducks.--With Ian Swift.,Present several weeks.
URN:CornellLabOfOrnithology:EBIRD:OBS47942790,2021-10-20 9:01:47,8271,species,avibase-FED3756C,Bald Eagle,Haliaeetus leucocephalus,,,,1,,,,,United States,US,California,US-CA,Los Angeles,US-CA-037,,32,,,Sepulveda Basin--East of Woodley Ave,L194688,H,34.1767221,-118.4737308,1998-01-04,,obsr115938,S3496788,Incidental,P20,EBIRD,,,,,0,,0,1,0,,,
URN:CornellLabOfOrnithology:EBIRD:OBS70081497,2021-10-20 9:01:47,8271,species,avibase-FED3756C,Bald Eagle,Haliaeetus leucocephalus,,,,1,,,,,United States,US,California,US-CA,Los Angeles,US-CA-037,,32,,,Sepulveda Basin--East of Woodley Ave,L194688,H,34.1767221,-118.4737308,1998-01-19,10:15:00,obsr21348,S4973268,Traveling,P22,EBIRD,90,1.609,,2,1,,0,1,0,,,
URN:CornellLabOfOrnithology:EBIRD:OBS1639680910,2023-02-22 20:30:27,8271,species,avibase-FED3756C,Bald Eagle,Haliaeetus leucocephalus,,,,1,,,,,United States,US,California,US-CA,Modoc,US-CA-049,US-CA_112,9,USFWS_830,,Tule Lake NWR (MOD Co.),L644320,H,41.871,-121.4326,1998-01-02,,obsr553346,S129402758,Incidental,P20,EBIRD,,,,,0,,0,1,0,,,
URN:CornellLabOfOrnithology:EBIRD:OBS217703726,2024-02-17 14:14:09,8271,species,avibase-FED3756C,Bald Eagle,Haliaeetus leucocephalus,,,,1,,,,"Unknown Sex, Adult (1)",United States,US,California,US-CA,Monterey,US-CA-053,BIRDLIFE_29514|US-CA_153,32,,,Lake San Antonio--north end and/or Pleyto,L384207,H,35.8637349,-120.9920883,1998-01-18,12:30:00,obsr168237,S15670666,Historical,P62,EBIRD,,,,3,0,,0,1,0,,,"One adult seen perched in tree on south side of lake. Seen on both legs of boat trip. Possibly at least one other seen on north side, further in to boat tour"
URN:CornellLabOfOrnithology:EBIRD:OBS34355362,2010-08-27 17:18:29,8271,species,avibase-FED3756C,Bald Eagle,Haliaeetus leucocephalus,,,,1,,,,,United States,US,California,US-CA,Nevada,US-CA-057,,15,,,Truckee River Canyon in Nev. County,L355046,P,39.373783,-120.030783,1998-01-27,,obsr107139,S2516973,Incidental,P20,EBIRD,,,,,1,,0,1,0,,,
URN:CornellLabOfOrnithology:EBIRD:OBS107962129,2015-07-01 16:57:45,8271,species,avibase-FED3756C,Bald Eagle,Haliaeetus leucocephalus,,,,1,,,,,United States,US,California,US-CA,Orange,US-CA-059,,32,,,Anaheim Coves Park (aka Burris Basin),L1396236,H,33.8257044,-117.869868,1998-01-09,15:00:00,obsr192293,S7587122,Traveling,P22,EBIRD,60,0.805,,1,0,,0,1,0,,Refound Bald Eagle at Burris'' Pit,
URN:CornellLabOfOrnithology:EBIRD:OBS945236563,2020-06-19 19:33:45,8271,species,avibase-FED3756C,Bald Eagle,Haliaeetus leucocephalus,,,,1,,,,,United States,US,California,US-CA,Orange,US-CA-059,,32,,,Anaheim Coves Park (aka Burris Basin),L1396236,H,33.8257044,-117.869868,1998-01-09,,obsr196748,S70612567,Historical,P62,EBIRD,,,,,0,,0,1,0,,,1st year along the river next to Burris Pit
URN:CornellLabOfOrnithology:EBIRD:OBS945673659,2023-12-28 16:27:43,8271,species,avibase-FED3756C,Bald Eagle,Haliaeetus leucocephalus,,,,1,,,,,United States,US,California,US-CA,Orange,US-CA-059,BIRDLIFE_26213|US-CA_205,32,USFWS_5,,Anaheim Bay,L11466941,P,33.7308821,-118.08023,1998-01-24,,obsr196748,S70644253,Historical,P62,EBIRD,,,,1,0,,0,1,1,,Saw another Bald Eagle at Anaheim Bay...,"One of at least 5 in OC this winter, which was the most recorded here in decades...(see DRW's seasonal report for NAS Field Notes)."
URN:CornellLabOfOrnithology:EBIRD:OBS50839166,2023-10-22 4:50:03,8271,species,avibase-FED3756C,Bald Eagle,Haliaeetus leucocephalus,,,,X,,,,,United States,US,California,US-CA,Riverside,US-CA-065,BIRDLIFE_31373|US-CA_244,32,,,San Jacinto Wildlife Area,L163561,H,33.8854488,-117.104104,1998-01-24,8:30:00,obsr116502,S3662601,Traveling,P22,EBIRD,450,9.656,,1,1,,0,1,0,,,
URN:CornellLabOfOrnithology:EBIRD:OBS418122918,2018-12-25 16:18:50,8271,species,avibase-FED3756C,Bald Eagle,Haliaeetus leucocephalus,,,,2,,,,"Unknown Sex, Immature (1); Unknown Sex, Adult (1)",United States,US,California,US-CA,San Benito,US-CA-069,,32,,,Paicines Reservoir,L129142,H,36.7261009,-121.2822037,1998-01-31,,obsr199985,S30702181,Historical,P62,EBIRD,,,,3,0,,0,1,0,,"with John Luther and Ellen Blustein. Paicines Reservoir list extracted from a cumulative list of birds seen on Panoche Road, Paicines Reservoir, Little Panoche Reservoir, and vicinity. The species listed here are specifically mentioned as having been seen at Paicines Reservoir. Many of the more common birds (American Coot, Killdeer, Turkey Vulture, Red-tailed Hawk, Mourning Dove, Black Phoebe, House Finch, etc.) are present on the checklist without any indication of number or location, so they may well have been seen at this location, but there's no way to tell from the notes. We bumped into Debbie Shearwater, Al DeMartini, and Bert McKee at Paicines Reservoir and they pointed out the Red-throated Loon.",
URN:CornellLabOfOrnithology:EBIRD:OBS338935371,2018-12-25 12:13:57,8271,species,avibase-FED3756C,Bald Eagle,Haliaeetus leucocephalus,,,,X,,,,,United States,US,California,US-CA,San Benito,US-CA-069,,32,,,Paicines Reservoir,L129142,H,36.7261009,-121.2822037,1998-01-24,,obsr276807,S24794437,Historical,P62,EBIRD,,,,1,1,,0,1,0,,,
URN:CornellLabOfOrnithology:EBIRD:OBS1107375221,2021-05-06 23:28:41,8271,species,avibase-FED3756C,Bald Eagle,Haliaeetus leucocephalus,,,,1,,,,,United States,US,California,US-CA,San Benito,US-CA-069,,32,,,Paicines Reservoir,L129142,H,36.7261009,-121.2822037,1998-01-17,,obsr128530,S84414141,Historical,P62,EBIRD,,,,,1,,0,1,0,,,
URN:CornellLabOfOrnithology:EBIRD:OBS1115775941,2021-05-06 23:28:37,8271,species,avibase-FED3756C,Bald Eagle,Haliaeetus leucocephalus,,,,2,,,,,United States,US,California,US-CA,San Benito,US-CA-069,,32,,,Paicines Reservoir,L129142,H,36.7261009,-121.2822037,1998-01-31,,obsr171476,S85116238,Historical,P62,EBIRD,,,,3,0,,0,1,0,,with Kirk Swenson and Ellen Blustein and ran into Debi Shearwater and Al DeMartini,
URN:CornellLabOfOrnithology:EBIRD:OBS1106437491,2021-05-06 23:28:45,8271,species,avibase-FED3756C,Bald Eagle,Haliaeetus leucocephalus,,,,1,,,,,United States,US,California,US-CA,San Benito,US-CA-069,,32,,,Paicines Reservoir,L129142,H,36.7261009,-121.2822037,1998-01-04,,obsr128530,S84341294,Historical,P62,EBIRD,,,,,1,,0,1,0,,,
URN:CornellLabOfOrnithology:EBIRD:OBS112764452,2021-04-01 2:41:14,8271,species,avibase-FED3756C,Bald Eagle,Haliaeetus leucocephalus,,,,X,,,,,United States,US,California,US-CA,San Joaquin,US-CA-077,,32,,,McGurk's Ranch,L924354,P,38.0659752,-120.9906077,1998-01-03,7:30:00,obsr127892,S7876174,Traveling,P22,EBIRD,600,8.047,,3,1,,0,1,1,,Wallace-Bellota CBC,
URN:CornellLabOfOrnithology:EBIRD:OBS140122237,2018-05-20 16:14:53,8271,species,avibase-FED3756C,Bald Eagle,Haliaeetus leucocephalus,,,,1,,,,"Unknown Sex, Adult (1)",United States,US,California,US-CA,San Mateo,US-CA-081,,32,,,Webb Ranch - Private Property,L1421693,P,37.4025889,-122.1934129,1998-01-29,10:00:00,obsr301186,S9884904,Traveling,P22,EBIRD,60,1.609,,1,1,,0,1,1,,,Seen sitting on top of wood fence
URN:CornellLabOfOrnithology:EBIRD:OBS217706440,2024-09-09 21:26:50,8271,species,avibase-FED3756C,Bald Eagle,Haliaeetus leucocephalus,,,,5,,,,,United States,US,California,US-CA,Santa Barbara,US-CA-083,,32,,,Lake Cachuma,L2128713,P,34.5701891,-119.9250412,1998-01-10,8:30:00,obsr51183,S15670857,Traveling,P22,EBIRD,180,16.093,,1,1,,0,1,1,,Exact coverage and times not recorded.,
URN:CornellLabOfOrnithology:EBIRD:OBS263350297,2025-02-14 21:36:05,8271,species,avibase-FED3756C,Bald Eagle,Haliaeetus leucocephalus,,,,1,,,,"Unknown Sex, Adult (1)",United States,US,California,US-CA,Tehama,US-CA-103,,32,,,Dales Lake and surrounding fields/vernal pools,L6744065,H,40.3350689,-122.0612019,1998-01-15,15:00:00,obsr26970,S19072415,Incidental,P20,EBIRD,,,,1,1,,0,1,0,,"It appears I only recorded year birds as I drove past, or else that's all there were!",
URN:CornellLabOfOrnithology:EBIRD:OBS389271481,2024-04-26 2:39:35,8271,species,avibase-FED3756C,Bald Eagle,Haliaeetus leucocephalus,,,,1,,,,,United States,US,California,US-CA,Trinity,US-CA-105,,5,,,Willow Creek CBC East - Trinity County area,L5182047,P,40.8876056,-123.5584795,1998-01-03,7:30:00,obsr34879,S28804226,Historical,P62,EBIRD,450,12.07,404.6856,2,1,,0,1,0,,From the Salyer rest area to Willow Creek along SR299,adult. Sandy Bar area
URN:CornellLabOfOrnithology:EBIRD:OBS100029763,2021-03-19 0:10:46,8271,species,avibase-FED3756C,Bald Eagle,Haliaeetus leucocephalus,,,,3,,,,,United States,US,California,US-CA,Tulare,US-CA-107,,32,,,Yokohl Valley Drive (Mtn-296),L587800,H,36.2722342,-118.936615,1998-01-26,9:00:00,obsr194146,S7004635,Traveling,P22,EBIRD,90,9.656,,1,1,,0,1,0,,,
URN:CornellLabOfOrnithology:EBIRD:OBS436448262,2024-04-24 16:43:44,8271,species,avibase-FED3756C,Bald Eagle,Haliaeetus leucocephalus,,,,X,,,,,United States,US,California,US-CA,Yolo,US-CA-113,,32,,,Putah Creek,L353338,H,38.5147209,-122.0852814,1998-01-18,,obsr86424,S32057770,Historical,P62,EBIRD,,,,1,1,,0,1,0,,,
URN:CornellLabOfOrnithology:EBIRD:OBS1819084526,2023-09-08 18:28:50,8271,species,avibase-FED3756C,Bald Eagle,Haliaeetus leucocephalus,,,,1,,,,,United States,US,California,US-CA,Amador,US-CA-005,,15,,,Bear River Reservoir,L151486,H,38.5657505,-120.2117672,1998-02-17,,obsr26973,S148991324,Historical,P62,EBIRD,,,,,0,,0,1,0,,,
URN:CornellLabOfOrnithology:EBIRD:OBS83075180,2022-10-30 12:39:45,8271,species,avibase-FED3756C,Bald Eagle,Haliaeetus leucocephalus,,,,1,,,,,United States,US,California,US-CA,Butte,US-CA-007,,32,,,"Thermalito Forebay Historical (imprecise, north/south uncertain)",L515161,P,39.5249921,-121.6073423,1998-02-14,8:00:00,obsr127892,S5864640,Traveling,P22,EBIRD,300,40.233,,3,1,G1352280,0,1,0,,"cold, overcast, rainy.  A group trip for CVBC. Birded with JR & Margaret.",
URN:CornellLabOfOrnithology:EBIRD:OBS332600667,2022-10-30 12:39:45,8271,species,avibase-FED3756C,Bald Eagle,Haliaeetus leucocephalus,,,,1,,,,,United States,US,California,US-CA,Butte,US-CA-007,,32,,,"Thermalito Forebay Historical (imprecise, north/south uncertain)",L515161,P,39.5249921,-121.6073423,1998-02-14,8:00:00,obsr27456,S24326678,Traveling,P22,EBIRD,300,40.234,,3,1,G1352280,0,1,0,,"cold, overcast, rainy.  A group trip for CVBC.  Margaret Williams, Frances Oliver, Jim Rowoth, and many others.",
URN:CornellLabOfOrnithology:EBIRD:OBS56869984,2014-04-13 22:52:07,8271,species,avibase-FED3756C,Bald Eagle,Haliaeetus leucocephalus,,,,1,,,,,United States,US,California,US-CA,Calaveras,US-CA-009,,32,,,New Hogan Lake,L372751,H,38.1450876,-120.8049774,1998-02-07,,obsr27456,S4110545,Incidental,P20,EBIRD,,,,,0,,0,1,0,,,
URN:CornellLabOfOrnithology:EBIRD:OBS387316017,2016-03-31 18:21:07,8271,species,avibase-FED3756C,Bald Eagle,Haliaeetus leucocephalus,,,,1,,,,,United States,US,California,US-CA,Colusa,US-CA-011,,32,,,Cache Creek Natural Area--High Bridge Trailhead,L1351222,H,38.9566778,-122.3437167,1998-02-27,14:30:00,obsr167174,S28664633,Historical,P62,EBIRD,,,,2,0,G1671985,0,1,0,,,adult
URN:CornellLabOfOrnithology:EBIRD:OBS387315806,2016-03-31 18:21:07,8271,species,avibase-FED3756C,Bald Eagle,Haliaeetus leucocephalus,,,,1,,,,,United States,US,California,US-CA,Colusa,US-CA-011,,32,,,Cache Creek Natural Area--High Bridge Trailhead,L1351222,H,38.9566778,-122.3437167,1998-02-27,14:30:00,obsr107968,S28664616,Historical,P62,EBIRD,,,,2,0,G1671985,0,1,0,,this is approx location; notes say Bear Creek just above junction with Cache Creek in Colusa Co.,adult
URN:CornellLabOfOrnithology:EBIRD:OBS78937311,2021-03-30 23:38:00,8271,species,avibase-FED3756C,Bald Eagle,Haliaeetus leucocephalus,,,,1,,,,,United States,US,California,US-CA,Imperial,US-CA-025,BIRDLIFE_26227|US-CA_269,33,,,"Salton Sea, Imperial County",L781105,P,33.065171,-115.5521393,1998-02-17,,obsr55357,S5615354,Incidental,P20,EBIRD,,,,1,1,,0,1,1,,,
URN:CornellLabOfOrnithology:EBIRD:OBS147886159,2021-03-18 22:26:11,8271,species,avibase-FED3756C,Bald Eagle,Haliaeetus leucocephalus,,,,1,,,,,United States,US,California,US-CA,Inyo,US-CA-027,,9,,,Bishop WTP (restricted access),L502607,H,37.3561041,-118.3751106,1998-02-25,12:30:00,obsr204942,S10413858,Traveling,P22,EBIRD,60,1.609,,1,1,,0,1,0,,,
URN:CornellLabOfOrnithology:EBIRD:OBS1339647640,2023-10-22 3:57:37,8271,species,avibase-FED3756C,Bald Eagle,Haliaeetus leucocephalus,,,,X,,,,,United States,US,California,US-CA,Kern,US-CA-029,BIRDLIFE_29610|US-CA_3084,32,,,"Taft, CA",L17710854,P,35.0179514,-119.1518938,1998-02-19,7:00:00,obsr598346,S102445278,Traveling,P22,EBIRD,480,72.421,,14,1,,0,1,0,,"From Taft, we headed to the mountains for the day.",
URN:CornellLabOfOrnithology:EBIRD:OBS50009872,2018-08-20 14:37:48,8271,species,avibase-FED3756C,Bald Eagle,Haliaeetus leucocephalus,,,,1,,,,,United States,US,California,US-CA,Los Angeles,US-CA-037,BIRDLIFE_30186|US-CA_209,32,,,San Clemente Island--Ridge Rd. (STGT-SpCrv),L3003776,H,32.900474,-118.4914112,1998-02-21,,obsr144933,S3606957,Incidental,P20,EBIRD,,,,,0,,0,1,0,,,RIDGE RD @ STONE STATION RD|IMM||KATHY SMITH
URN:CornellLabOfOrnithology:EBIRD:OBS488892740,2023-07-31 20:06:58,8271,species,avibase-FED3756C,Bald Eagle,Haliaeetus leucocephalus,,,,1,,,,,United States,US,California,US-CA,Mendocino,US-CA-045,,32,,,Hopland Research and Extension Center (Restricted Access),L2146581,H,39.0020417,-123.0847102,1998-02-26,10:30:00,obsr22550,S36179367,Traveling,P22,EBIRD,135,6.437,,1,1,,0,1,0,,"High cirrus, wind W 1-3, T into mid 50s",
URN:CornellLabOfOrnithology:EBIRD:OBS488707371,2023-07-31 20:06:58,8271,species,avibase-FED3756C,Bald Eagle,Haliaeetus leucocephalus,,,,1,,,,"Unknown Sex, Adult (1)",United States,US,California,US-CA,Mendocino,US-CA-045,,32,,,Hopland Research and Extension Center (Restricted Access),L2146581,H,39.0020417,-123.0847102,1998-02-17,12:00:00,obsr22550,S36167960,Traveling,P22,EBIRD,55,1.609,,1,1,,0,1,0,,"Mostly cloudy, calm, T low 50s",
URN:CornellLabOfOrnithology:EBIRD:OBS488888388,2023-07-31 20:06:58,8271,species,avibase-FED3756C,Bald Eagle,Haliaeetus leucocephalus,,,,1,,,,,United States,US,California,US-CA,Mendocino,US-CA-045,,32,,,Hopland Research and Extension Center (Restricted Access),L2146581,H,39.0020417,-123.0847102,1998-02-20,12:00:00,obsr22550,S36179122,Traveling,P22,EBIRD,180,14.484,,1,1,,0,1,0,,"Clear, calm, T 50",
URN:CornellLabOfOrnithology:EBIRD:OBS34021820,2021-03-18 23:07:33,8271,species,avibase-FED3756C,Bald Eagle,Haliaeetus leucocephalus,,,,1,,,,,United States,US,California,US-CA,Modoc,US-CA-049,US-CA_117,9,,,Surprise Valley (MOD Co.),L109270,H,41.5507279,-120.1368713,1998-02-17,,obsr106559,S2483344,Incidental,P20,EBIRD,,,,,0,,0,1,0,,,
URN:CornellLabOfOrnithology:EBIRD:OBS99339065,2021-04-01 2:34:57,8271,species,avibase-FED3756C,Bald Eagle,Haliaeetus leucocephalus,,,,10,,,,,United States,US,California,US-CA,Plumas,US-CA-063,,15,,,Sierra Valley (Plumas County),L1003763,P,39.729528,-120.3813858,1998-02-16,,obsr231130,S6956317,Incidental,P20,EBIRD,,,,1,0,,0,1,0,,,"2 ad, 1 subadult at Steel Bridg;, 4 ad, 3 imm Harriet Lane"
URN:CornellLabOfOrnithology:EBIRD:OBS40072119,2024-09-09 22:16:58,8271,species,avibase-FED3756C,Bald Eagle,Haliaeetus leucocephalus,,,,X,,,,,United States,US,California,US-CA,Riverside,US-CA-065,BIRDLIFE_31373|US-CA_244,32,,,San Jacinto Wildlife Area,L163561,H,33.8854488,-117.104104,1998-02-21,,obsr91638,S2862826,Incidental,P20,EBIRD,,,,,1,,0,1,0,,"Least Flycatcher was 1st county record, found by others on CBC",
URN:CornellLabOfOrnithology:EBIRD:OBS50924436,2024-09-09 22:40:59,8271,species,avibase-FED3756C,Bald Eagle,Haliaeetus leucocephalus,,,,X,,,,,United States,US,California,US-CA,Riverside,US-CA-065,BIRDLIFE_31373|US-CA_244,32,,,San Jacinto Wildlife Area,L163561,H,33.8854488,-117.104104,1998-02-21,8:00:00,obsr116502,S3667439,Traveling,P22,EBIRD,420,12.874,,12,1,,0,1,0,,,
URN:CornellLabOfOrnithology:EBIRD:OBS61116961,2023-03-28 0:42:32,8271,species,avibase-FED3756C,Bald Eagle,Haliaeetus leucocephalus,,,,1,,,,,United States,US,California,US-CA,Riverside,US-CA-065,BIRDLIFE_26228|US-CA_215,33,,,Salton Sea--north end (please consider using a more specific location),L559706,H,33.4839762,-116.0367973,1998-02-12,,obsr131204,S4438198,Incidental,P20,EBIRD,,,,1,1,,0,1,0,,,
URN:CornellLabOfOrnithology:EBIRD:OBS182973201,2024-02-03 21:11:56,8271,species,avibase-FED3756C,Bald Eagle,Haliaeetus leucocephalus,,,,2,,,,"Unknown Sex, Adult (1); Unknown Sex, Immature (1)",United States,US,California,US-CA,San Bernardino,US-CA-071,,32,,,"Cedar Lake, Big Bear Lake, CA",L2013877,P,34.2309643,-116.9410515,1998-02-15,8:00:00,obsr341497,S13155700,Incidental,P20,EBIRD,,,,1,0,,0,1,0,,,"1 Im. by Cedar Lake, 1 Adult by Big Bear Lake"
URN:CornellLabOfOrnithology:EBIRD:OBS2947090078,2025-03-09 18:39:19,8271,species,avibase-FED3756C,Bald Eagle,Haliaeetus leucocephalus,,,,1,,,,"Unknown Sex, Adult (1)",United States,US,California,US-CA,San Mateo,US-CA-081,,32,,,Crystal Springs Reservoir,L677500,H,37.5095897,-122.3518181,1998-02-28,,obsr375509,S217583024,Historical,P62,EBIRD,,,,1,0,,0,1,0,,"Upper Crystal Springs Reservoir, from near the house.","In flight, flushing gulls, harassed by Kite, eventually landed in tree on west shore"
URN:CornellLabOfOrnithology:EBIRD:OBS844034905,2019-12-30 22:55:06,8271,species,avibase-FED3756C,Bald Eagle,Haliaeetus leucocephalus,,,,1,,,,,United States,US,California,US-CA,Santa Clara,US-CA-085,,32,,,Calero Reservoir,L251282,H,37.18776,-121.77645,1998-02-08,15:10:00,obsr227080,S62778378,Traveling,P22,EBIRD,45,0.805,,1,0,,0,1,0,,,Adult
URN:CornellLabOfOrnithology:EBIRD:OBS265556536,2024-03-02 0:59:59,8271,species,avibase-FED3756C,Bald Eagle,Haliaeetus leucocephalus,,,,1,,,,,United States,US,California,US-CA,Shasta,US-CA-089,,32,,,Coleman Forebay,L2730590,P,40.4126138,-122.1134663,1998-02-28,9:00:00,obsr26970,S19257969,Traveling,P22,EBIRD,180,11.265,,1,1,,0,1,0,,"The annual Wintu Audubon search for Rufous-crowned Sparrows.  I met the group at the Balls Ferry Fishing Access, but didn't record the start time or number of participants, and my list included everything seen from there to the Forebay and the mile or so we walked along the canal.  It also includes some birds I saw by myself after the group left (the ones without numbers).",on the nest below Coleman NFH
URN:CornellLabOfOrnithology:EBIRD:OBS56869729,2008-12-19 20:18:44,8271,species,avibase-FED3756C,Bald Eagle,Haliaeetus leucocephalus,,,,1,,,,,United States,US,California,US-CA,Calaveras,US-CA-009,US-CA_232,32,,,Salt Springs Valley Reservoir,L372292,H,38.0332195,-120.7565689,1998-03-21,,obsr27456,S4110520,Incidental,P20,EBIRD,,,,,0,,0,1,0,,,
URN:CornellLabOfOrnithology:EBIRD:OBS1279926227,2024-09-10 0:14:49,8271,species,avibase-FED3756C,Bald Eagle,Haliaeetus leucocephalus,,,,X,,,,,United States,US,California,US-CA,Glenn,US-CA-021,US-CA_231,32,USFWS_659,,Sacramento NWR--Auto Route & Visitor Center,L837268,H,39.4284385,-122.1564999,1998-03-06,,obsr827836,S97771427,Historical,P62,EBIRD,,,,1,1,G7437257,0,1,0,,,
URN:CornellLabOfOrnithology:EBIRD:OBS1279930519,2024-09-10 0:13:47,8271,species,avibase-FED3756C,Bald Eagle,Haliaeetus leucocephalus,,,,X,,,,,United States,US,California,US-CA,Glenn,US-CA-021,US-CA_231,32,USFWS_659,,Sacramento NWR--Auto Route & Visitor Center,L837268,H,39.4284385,-122.1564999,1998-03-06,,obsr534298,S97771497,Historical,P62,EBIRD,,,,1,1,G7437257,0,1,0,,,
URN:CornellLabOfOrnithology:EBIRD:OBS53621767,2023-03-17 23:18:59,8271,species,avibase-FED3756C,Bald Eagle,Haliaeetus leucocephalus,,,,2,,,,,United States,US,California,US-CA,Humboldt,US-CA-023,,5,,,Todd Ranch and Willow Creek area,L525462,P,40.8574479,-123.5824585,1998-03-14,9:00:00,obsr34879,S3850697,Traveling,P22,EBIRD,240,19.312,,3,1,,0,1,0,,Least Flycatcher- Todd Ranch- So Fork Trinity.--One Northern Flicker with yellow shafted feathers.,
URN:CornellLabOfOrnithology:EBIRD:OBS290383048,2015-01-11 11:20:29,8271,species,avibase-FED3756C,Bald Eagle,Haliaeetus leucocephalus,,,,1,,,,,United States,US,California,US-CA,Los Angeles,US-CA-037,,32,,,"Home, Tujunga",L2025473,P,34.2515587,-118.2761371,1998-03-08,18:00:00,obsr378224,S21295156,Incidental,P20,EBIRD,,,,1,0,,0,1,0,,Just walking the neighborhood,
URN:CornellLabOfOrnithology:EBIRD:OBS1758872742,2023-06-16 1:34:55,8271,species,avibase-FED3756C,Bald Eagle,Haliaeetus leucocephalus,,,,3,,,,,United States,US,California,US-CA,Plumas,US-CA-063,US-CA_187,15,,,Sierra Valley (PLU Co.),L1007569,H,39.7489058,-120.3497314,1998-03-15,,obsr171476,S141463778,Historical,P62,EBIRD,,,,1,1,,0,1,0,,,
URN:CornellLabOfOrnithology:EBIRD:OBS99339096,2021-04-01 2:34:57,8271,species,avibase-FED3756C,Bald Eagle,Haliaeetus leucocephalus,,,,6,,,,,United States,US,California,US-CA,Plumas,US-CA-063,,15,,,Sierra Valley (Plumas County),L1003763,P,39.729528,-120.3813858,1998-03-07,,obsr231130,S6956321,Incidental,P20,EBIRD,,,,1,0,,0,1,0,,,
URN:CornellLabOfOrnithology:EBIRD:OBS583210884,2024-09-09 22:53:49,8271,species,avibase-FED3756C,Bald Eagle,Haliaeetus leucocephalus,,,,X,,,,,United States,US,California,US-CA,Santa Barbara,US-CA-083,BIRDLIFE_26215|BIRDLIFE_31190|US-CA_4697,32,,,Santa Cruz Island / Limuw (SBA Co.),L109506,H,34.005339,-119.773813,1998-03-01,,obsr99680,S43269897,Historical,P62,EBIRD,,,,4,1,,0,1,0,,,
URN:CornellLabOfOrnithology:EBIRD:OBS129906989,2021-04-02 4:45:33,8271,species,avibase-FED3756C,Bald Eagle,Haliaeetus leucocephalus,,,,X,,,,,United States,US,California,US-CA,Santa Clara,US-CA-085,,32,,,Henry Coe SP--NW Region (HQ and trails access) (SCL Co.),L279577,H,37.1878496,-121.5463497,1998-03-08,6:15:00,obsr141195,S9095403,Traveling,P22,EBIRD,600,32.186,,2,1,,0,1,0,,"Loop hike from Park HQ.  Frog Lake, Middle Ridge, Willow Ridge. The Narrows, East Fork Coyote Creek, Willow Ridge, Cross Canyon Trail, Mahoney Ridge, China Hole, Manzanita Point",
URN:CornellLabOfOrnithology:EBIRD:OBS99339124,2021-03-18 23:59:13,8271,species,avibase-FED3756C,Bald Eagle,Haliaeetus leucocephalus,,,,3,,,,,United States,US,California,US-CA,Sierra,US-CA-091,US-CA_187,15,,,Sierra Valley (Sierra County),L1003765,P,39.6798707,-120.4088516,1998-03-07,,obsr231130,S6956322,Incidental,P20,EBIRD,,,,1,0,,0,1,0,,,
URN:CornellLabOfOrnithology:EBIRD:OBS291598475,2015-01-18 2:49:29,8271,species,avibase-FED3756C,Bald Eagle,Haliaeetus leucocephalus,,,,X,,,,,United States,US,California,US-CA,Siskiyou,US-CA-093,US-CA_112,9,USFWS_550,,Stateline Rd. (CA),L2440035,H,41.994,-121.7586,1998-03-30,,obsr272570,S21392964,Historical,P62,EBIRD,,,,1,0,,0,1,0,,,
URN:CornellLabOfOrnithology:EBIRD:OBS270289567,2014-09-04 0:09:29,8271,species,avibase-FED3756C,Bald Eagle,Haliaeetus leucocephalus,,,,1,,,,"Unknown Sex, Adult (1)",United States,US,California,US-CA,Tehama,US-CA-103,,32,,,Cottonwood Creek Eagle Nest,L1407240,P,40.374959,-122.2750755,1998-03-17,8:45:00,obsr26970,S19663670,Stationary,P21,EBIRD,2,,,1,1,,0,1,0,,Aerial Bald Eagle nest survey; circling over the nest to see contents.,incubating
URN:CornellLabOfOrnithology:EBIRD:OBS270289730,2014-09-04 0:13:07,8271,species,avibase-FED3756C,Bald Eagle,Haliaeetus leucocephalus,,,,1,NE,C4,NE,"Unknown Sex, Adult (1)",United States,US,California,US-CA,Tehama,US-CA-103,,32,,,Bend Eagle Nest,L1407242,P,40.2744765,-122.1993505,1998-03-17,9:15:00,obsr26970,S19663706,Stationary,P21,EBIRD,2,,,1,1,,0,1,0,,Aerial Bald Eagle nest survey; circling over the nest to see contents.,incubating
URN:CornellLabOfOrnithology:EBIRD:OBS270289629,2014-09-04 0:11:20,8271,species,avibase-FED3756C,Bald Eagle,Haliaeetus leucocephalus,,,,1,NE,C4,NE,"Unknown Sex, Adult (1)",United States,US,California,US-CA,Tehama,US-CA-103,,32,USFWS_150,,Battle Creek Eagle Nest,L1326399,P,40.3976493,-122.1491849,1998-03-17,9:00:00,obsr26970,S19663695,Stationary,P21,EBIRD,2,,,1,1,,0,1,0,,Aerial Bald Eagle nest survey; circling over the nest to see contents.,incubating
URN:CornellLabOfOrnithology:EBIRD:OBS69517195,2021-03-18 22:33:02,8271,species,avibase-FED3756C,Bald Eagle,Haliaeetus leucocephalus,,,,1,,,,,United States,US,California,US-CA,Lake,US-CA-033,US-CA_41,32,,,Sulphur Bank Rd.,L714269,H,38.9944971,-122.675261,1998-04-17,11:00:00,obsr107968,S4940367,Traveling,P22,EBIRD,45,3.219,,1,1,,0,1,0,,sunny & warm day,first-year soaring with Golden Eagle
URN:CornellLabOfOrnithology:EBIRD:OBS270582736,2014-09-05 19:18:10,8271,species,avibase-FED3756C,Bald Eagle,Haliaeetus leucocephalus,,,,3,,,,,United States,US,California,US-CA,Lassen,US-CA-035,,9,,,Grasshopper Valley,L750081,H,40.7899647,-120.6886768,1998-04-08,8:00:00,obsr26970,S19740583,Incidental,P20,EBIRD,,,,3,0,,0,1,0,,2nd day of aerial sage-grouse surveys.  I recorded only a few highlight-type birds.,
URN:CornellLabOfOrnithology:EBIRD:OBS181132913,2023-04-12 17:00:40,8271,species,avibase-FED3756C,Bald Eagle,Haliaeetus leucocephalus,,,,1,,,,,United States,US,California,US-CA,Monterey,US-CA-053,BIRDLIFE_29514|US-CA_153,32,,,Fort Hunter Liggett--Mission Road ponds,L917504,H,35.9856462,-121.2330633,1998-04-26,11:00:00,obsr107968,S12973386,Incidental,P20,EBIRD,,,,4,0,G547758,0,1,0,,"lovely day, with Rita, Jim & Helen Banks",overhead
URN:CornellLabOfOrnithology:EBIRD:OBS181136465,2023-04-12 17:00:40,8271,species,avibase-FED3756C,Bald Eagle,Haliaeetus leucocephalus,,,,1,,,,,United States,US,California,US-CA,Monterey,US-CA-053,BIRDLIFE_29514|US-CA_153,32,,,Fort Hunter Liggett--Mission Road ponds,L917504,H,35.9856462,-121.2330633,1998-04-26,11:00:00,obsr167174,S12973714,Incidental,P20,EBIRD,,,,4,0,G547758,0,1,0,,,overhead
URN:CornellLabOfOrnithology:EBIRD:OBS739406078,2023-04-23 9:58:11,8271,species,avibase-FED3756C,Bald Eagle,Haliaeetus leucocephalus,,,,1,,,,,United States,US,California,US-CA,Plumas,US-CA-063,US-CA_187,15,,,Sierra Valley--Marble Hot Springs Rd.,L338300,H,39.7627625,-120.3465128,1998-04-25,,obsr263087,S55007398,Historical,P62,EBIRD,,,,2,1,,0,1,0,,With Sherry Yarnell canoeing upstream from steel bridge.,
URN:CornellLabOfOrnithology:EBIRD:OBS2364771476,2024-08-04 13:53:05,8271,species,avibase-FED3756C,Bald Eagle,Haliaeetus leucocephalus,,,,X,,,,,United States,US,California,US-CA,Plumas,US-CA-063,,15,,,"SR 70, lower Cascade Mts",L35448111,P,39.9461303,-121.3062767,1998-04-06,11:30:00,obsr674281,S190222089,Incidental,P20,EBIRD,,,,4,0,,0,1,0,,,
URN:CornellLabOfOrnithology:EBIRD:OBS270792957,2024-02-29 10:33:37,8271,species,avibase-FED3756C,Bald Eagle,Haliaeetus leucocephalus,,,,1,,,,"Unknown Sex, Immature (1)",United States,US,California,US-CA,Shasta,US-CA-089,,32,,,Clear Creek WTP,L208735,H,40.50232,-122.36763,1998-04-21,9:00:00,obsr26970,S19757762,Traveling,P22,EBIRD,60,1.77,,2,1,,0,1,0,,John Coon and I came here trying to re-find the Solitary Sandpiper he had seen the previous day.,"almost adult; forced an Osprey to drop its fish, but the Osprey then chase the eagle out of the area"
URN:CornellLabOfOrnithology:EBIRD:OBS582214352,2018-02-25 19:33:34,8271,species,avibase-FED3756C,Bald Eagle,Haliaeetus leucocephalus,,,,1,,,,,United States,US,California,US-CA,Siskiyou,US-CA-093,US-CA_112,9,USFWS_550,,Lower Klamath NWR--Sheepy Lake,L1147015,H,42.0004038,-121.8206549,1998-04-01,,obsr528662,S43191340,Historical,P62,EBIRD,,,,,0,,0,1,0,,,
URN:CornellLabOfOrnithology:EBIRD:OBS270750606,2014-09-06 23:54:24,8271,species,avibase-FED3756C,Bald Eagle,Haliaeetus leucocephalus,,,,2,,,,"Unknown Sex, Juvenile (1); Unknown Sex, Adult (1)",United States,US,California,US-CA,Tehama,US-CA-103,,32,,,Cottonwood Creek Eagle Nest,L1407240,P,40.374959,-122.2750755,1998-04-17,9:00:00,obsr26970,S19754796,Stationary,P21,EBIRD,3,,,1,1,,0,1,0,,Aerial bald eagle nest survey.,adult standing in nest with 1 chick.
URN:CornellLabOfOrnithology:EBIRD:OBS270787025,2014-09-06 23:54:56,8271,species,avibase-FED3756C,Bald Eagle,Haliaeetus leucocephalus,,,,2,,,,"Male, Adult (1); Female, Adult (1)",United States,US,California,US-CA,Tehama,US-CA-103,,32,,,Bend Eagle Nest,L1407242,P,40.2744765,-122.1993505,1998-04-17,9:30:00,obsr26970,S19757337,Stationary,P21,EBIRD,3,,,1,1,,0,1,0,,Aerial bald eagle nest survey.,"one on nest in incubating posture, other standing in a nearby tree"
URN:CornellLabOfOrnithology:EBIRD:OBS270786526,2014-09-06 23:54:37,8271,species,avibase-FED3756C,Bald Eagle,Haliaeetus leucocephalus,,,,2,,,,"Unknown Sex, Juvenile (1); Unknown Sex, Adult (1)",United States,US,California,US-CA,Tehama,US-CA-103,,32,USFWS_150,,Battle Creek Eagle Nest,L1326399,P,40.3976493,-122.1491849,1998-04-17,9:15:00,obsr26970,S19757306,Stationary,P21,EBIRD,3,,,1,1,,0,1,0,,Aerial bald eagle nest survey.,"very young chick in nest, adult standing on branch above it"
URN:CornellLabOfOrnithology:EBIRD:OBS463489451,2017-02-05 18:11:11,8271,species,avibase-FED3756C,Bald Eagle,Haliaeetus leucocephalus,,,,X,,,,,United States,US,California,US-CA,Alameda,US-CA-001,US-CA_140,32,,,Del Valle Regional Park,L274775,H,37.5851261,-121.6988182,1998-05-23,,obsr51420,S34185468,Historical,P62,EBIRD,,,,2,0,,0,1,0,,,
URN:CornellLabOfOrnithology:EBIRD:OBS341600433,2023-03-21 18:40:26,8271,species,avibase-FED3756C,Bald Eagle,Haliaeetus leucocephalus,,,,X,,,,,United States,US,California,US-CA,Humboldt,US-CA-023,BIRDLIFE_29500|US-CA_43,5,USFWS_310,,Humboldt Bay NWR--Salmon Creek Unit,L375214,H,40.684888,-124.211354,1998-05-26,,obsr616978,S24978178,Historical,P62,EBIRD,,,,,1,,0,1,0,,,
URN:CornellLabOfOrnithology:EBIRD:OBS388441330,2024-04-26 2:39:35,8271,species,avibase-FED3756C,Bald Eagle,Haliaeetus leucocephalus,,,,X,,,,,United States,US,California,US-CA,Lassen,US-CA-035,US-CA_106,9,,,Ash Creek Wildlife Area (LAS Co.),L757801,H,41.1644401,-121.0665894,1998-05-17,15:00:00,obsr34879,S28744732,Historical,P62,EBIRD,120,16.093,,4,1,,0,1,0,,"Spring 4 county Bird Blitz. Chet Ogan, Rob Hewitt, Steve Pagliughi, Keith Slauson. Route South on Lookout Road to Bieber for gas and snacks. Stopped at ponds and lakes. Big Valley was very flooded this year, water everywhere, Hwy 299 was a causeway, acres of water both sides.",
URN:CornellLabOfOrnithology:EBIRD:OBS99396214,2018-08-02 22:31:37,8271,species,avibase-FED3756C,Bald Eagle,Haliaeetus leucocephalus,,,,X,,,,,United States,US,California,US-CA,Modoc,US-CA-049,US-OR_3807,9,,,Goose Lake--CA (MOD Co.),L775965,H,41.9216944,-120.4266357,1998-05-20,11:15:00,obsr194146,S6960922,Traveling,P22,EBIRD,60,8.047,,1,1,,0,1,0,,,
URN:CornellLabOfOrnithology:EBIRD:OBS99395915,2021-03-25 12:12:47,8271,species,avibase-FED3756C,Bald Eagle,Haliaeetus leucocephalus,,,,X,,,,,United States,US,California,US-CA,Modoc,US-CA-049,US-CA_117,9,,,Surprise Valley northern half,L820510,P,41.6770148,-120.2172089,1998-05-20,9:15:00,obsr194146,S6960903,Traveling,P22,EBIRD,60,9.656,,1,1,,0,1,0,,,
URN:CornellLabOfOrnithology:EBIRD:OBS206664782,2023-04-12 16:50:40,8271,species,avibase-FED3756C,Bald Eagle,Haliaeetus leucocephalus,,,,2,ON,C4,ON,"Female, Adult (1); Male, Adult (1)",United States,US,California,US-CA,Monterey,US-CA-053,BIRDLIFE_29514|US-CA_153,32,,,Fort Hunter Liggett (please use more specific hotspot if you can),L698042,H,35.9794486,-121.2579918,1998-05-12,9:00:00,obsr227553,S14850407,Incidental,P20,EBIRD,,,,1,1,,0,1,0,,,
URN:CornellLabOfOrnithology:EBIRD:OBS388446924,2024-04-26 2:39:35,8271,species,avibase-FED3756C,Bald Eagle,Haliaeetus leucocephalus,,,,2,,,,,United States,US,California,US-CA,Shasta,US-CA-089,,32,,,Whiskeytown Lake--Oak Bottom Campground,L492607,H,40.6486711,-122.5924444,1998-05-16,5:30:00,obsr34879,S28745138,Historical,P62,EBIRD,,1.609,,5,1,,0,1,0,,"LBJ Bird Blitz: Chet Ogan, Rob Hewitt, Keith Slauson, Steve Paglughi, Pablo Herrera.",
URN:CornellLabOfOrnithology:EBIRD:OBS300120597,2024-02-29 10:33:37,8271,species,avibase-FED3756C,Bald Eagle,Haliaeetus leucocephalus,,,,1,,,,,United States,US,California,US-CA,Shasta,US-CA-089,,32,,,Clear Creek WTP,L208735,H,40.50232,-122.36763,1998-05-01,9:30:00,obsr26970,S22113760,Traveling,P22,EBIRD,60,1.609,,1,1,,0,1,0,,"Partly overcast, cool.",the same near-adult as seen on 21 April
URN:CornellLabOfOrnithology:EBIRD:OBS694852517,2021-03-31 5:25:47,8271,species,avibase-FED3756C,Bald Eagle,Haliaeetus leucocephalus,,,,X,,,,,United States,US,California,US-CA,Siskiyou,US-CA-093,US-CA_112,9,USFWS_550,,Lower Klamath NWR--Auto Tour Route,L657546,H,41.9717075,-121.7260158,1998-05-16,14:05:00,obsr34879,S51373008,Historical,P62,EBIRD,35,19.312,,5,1,,0,1,0,,"LBJ Bird Blitz: Chet Ogan, Rob Hewitt, Keith Slauson, Steve Paglughi, Pablo Herrera.",
URN:CornellLabOfOrnithology:EBIRD:OBS1248340452,2021-10-02 2:02:51,8271,species,avibase-FED3756C,Bald Eagle,Haliaeetus leucocephalus,,,,1,,,,,United States,US,California,US-CA,Siskiyou,US-CA-093,,5,,,I-80 at Weed,L16521560,P,41.43427,-122.39523,1998-05-15,,obsr162737,S95460772,Incidental,P20,EBIRD,,,,,0,,0,1,0,,,1 first year
URN:CornellLabOfOrnithology:EBIRD:OBS694525894,2019-01-06 16:39:00,8271,species,avibase-FED3756C,Bald Eagle,Haliaeetus leucocephalus,,,,1,,,,,United States,US,California,US-CA,Siskiyou,US-CA-093,,9,,,Grass Lake (SIS Co.),L492619,H,41.6498276,-122.1741486,1998-05-16,12:05:00,obsr34879,S51372414,Historical,P62,EBIRD,10,1.609,,5,1,,0,1,0,,"Whole valley was very wet. We stopped west of Grass Lake Rest Area and viewed ponds on both sides of the highway.  LBJ Bird Blitz: Chet Ogan, Rob Hewitt, Keith Slauson, Steve Paglughi, Pablo Herrera.",
URN:CornellLabOfOrnithology:EBIRD:OBS388474522,2024-04-26 2:39:35,8271,species,avibase-FED3756C,Bald Eagle,Haliaeetus leucocephalus,,,,X,,,,,United States,US,California,US-CA,Siskiyou,US-CA-093,,5,,,Weed WTP,L4456299,P,41.4342522,-122.4031878,1998-05-16,11:35:00,obsr34879,S28747124,Historical,P62,EBIRD,5,1.609,,5,1,,0,1,0,,"LBJ Bird Blitz.  Chet Ogan, Rob Hewitt, Keith Slauson, Steve Palughi, Pablo Herrera.",
URN:CornellLabOfOrnithology:EBIRD:OBS690682678,2019-04-15 21:14:59,8271,species,avibase-FED3756C,Bald Eagle,Haliaeetus leucocephalus,,,,X,,,,,United States,US,California,US-CA,El Dorado,US-CA-017,,15,,,Emerald Bay overlook,L964469,H,38.9465933,-120.0981188,1998-06-24,,obsr530203,S51048298,Historical,P62,EBIRD,,,,,1,,0,1,0,,,
URN:CornellLabOfOrnithology:EBIRD:OBS325104203,2024-03-02 0:59:59,8271,species,avibase-FED3756C,Bald Eagle,Haliaeetus leucocephalus,,,,1,,,,,United States,US,California,US-CA,Shasta,US-CA-089,,15,,,Lassen Volcanic NP--Manzanita Lake,L452011,H,40.5316108,-121.5663815,1998-06-25,,obsr265147,S23783485,Historical,P62,EBIRD,,3.219,,1,1,,0,1,0,,,
URN:CornellLabOfOrnithology:EBIRD:OBS300427430,2024-03-02 0:53:08,8271,species,avibase-FED3756C,Bald Eagle,Haliaeetus leucocephalus,,,,1,,,,,United States,US,California,US-CA,Shasta,US-CA-089,,32,,,I-5 Corridor (SHA Co.),L677496,H,40.8065658,-122.3224425,1998-06-18,,obsr26970,S22136941,Incidental,P20,EBIRD,,,,1,0,,0,1,0,,A list of birds seen while doing some aerial photograph ground truthing.  No notes as to locations.,
URN:CornellLabOfOrnithology:EBIRD:OBS300438763,2024-03-02 0:59:59,8271,species,avibase-FED3756C,Bald Eagle,Haliaeetus leucocephalus,,,,1,,,,,United States,US,California,US-CA,Shasta,US-CA-089,,5,,,"Sacramento River, Sims Flat to McCardle Flat",L3450271,P,41.0145856,-122.4021149,1998-06-24,10:00:00,obsr26970,S22137797,Traveling,P22,EBIRD,180,17.703,,1,1,,0,1,0,,"We were rafting, lots of folks but I was the only birder.  No binoculars.",a fledgling in the LaMoine nest
URN:CornellLabOfOrnithology:EBIRD:OBS985719613,2021-02-14 13:16:09,8271,species,avibase-FED3756C,Bald Eagle,Haliaeetus leucocephalus,,,,1,,,,,United States,US,California,US-CA,Siskiyou,US-CA-093,US-CA_112,9,USFWS_550,,Lower Klamath NWR (CA side),L373417,H,41.948,-121.72,1998-06-16,7:30:00,obsr1892110,S73978668,Historical,P62,EBIRD,420,,,1,1,,0,1,0,,Lower Klamath N.W.R.  Sunny with some clouds.----[Entered on Ray's behalf  from his old handwritten field notes by Steve Summers—Sept. 2020],subadult
URN:CornellLabOfOrnithology:EBIRD:OBS989085868,2022-10-21 9:14:44,8271,species,avibase-FED3756C,Bald Eagle,Haliaeetus leucocephalus,,,,1,,,,,United States,US,California,US-CA,Siskiyou,US-CA-093,US-CA_116,5,,,Shasta Valley Wildlife Area,L492645,H,41.7192157,-122.4745989,1998-06-11,7:30:00,obsr1892110,S74261567,Historical,P62,EBIRD,,,,1,1,,0,1,0,,"AM cloudy, PM partly cloudy, wind N 5-20 MPH----[Entered on Ray's behalf  from his old handwritten field notes by Steve Summers—Sept. 2020]",
URN:CornellLabOfOrnithology:EBIRD:OBS2157497162,2024-05-14 18:02:55,8271,species,avibase-FED3756C,Bald Eagle,Haliaeetus leucocephalus,,,,1,,,,,United States,US,California,US-CA,Siskiyou,US-CA-093,US-CA_112,9,USFWS_550,,Lower Klamath Basin NWR,L31409043,P,41.9424895,-121.7038023,1998-06-08,11:00:00,obsr708271,S174555613,Traveling,P22,EBIRD,210,11.265,,2,1,,0,1,0,,,
URN:CornellLabOfOrnithology:EBIRD:OBS300370441,2015-03-01 19:53:53,8271,species,avibase-FED3756C,Bald Eagle,Haliaeetus leucocephalus,,,,2,,,,"Unknown Sex, Juvenile (2)",United States,US,California,US-CA,Tehama,US-CA-103,,32,USFWS_150,,Battle Creek Eagle Nest,L1326399,P,40.3976493,-122.1491849,1998-06-02,8:45:00,obsr26970,S22133255,Stationary,P21,EBIRD,5,,,1,1,,0,1,0,,Aerial Bald Eagle survey from fixed wing plane circling the nest.,2 large chicks in the nest
URN:CornellLabOfOrnithology:EBIRD:OBS300369957,2015-03-01 19:52:02,8271,species,avibase-FED3756C,Bald Eagle,Haliaeetus leucocephalus,,,,2,,,,"Unknown Sex, Juvenile (2)",United States,US,California,US-CA,Tehama,US-CA-103,,32,,,Cottonwood Creek Eagle Nest,L1407240,P,40.374959,-122.2750755,1998-06-02,8:30:00,obsr26970,S22133226,Stationary,P21,EBIRD,5,,,1,1,,0,1,0,,"Aerial Bald Eagle survey, fixed wing plane circling the nest.",2 large chicks in nest.
URN:CornellLabOfOrnithology:EBIRD:OBS69472885,2009-05-05 0:11:02,8271,species,avibase-FED3756C,Bald Eagle,Haliaeetus leucocephalus,,,,2,,,,,United States,US,California,US-CA,Alpine,US-CA-003,,15,,,Heenan Lake,L711839,H,38.6532897,-119.6618843,1998-07-12,9:20:00,obsr167174,S4938825,Traveling,P22,EBIRD,40,4.828,,2,0,G105849,0,1,0,,,pair circling over lake
URN:CornellLabOfOrnithology:EBIRD:OBS69182741,2009-04-30 19:11:18,8271,species,avibase-FED3756C,Bald Eagle,Haliaeetus leucocephalus,,,,2,,,,,United States,US,California,US-CA,Alpine,US-CA-003,,15,,,Heenan Lake,L711839,H,38.6532897,-119.6618843,1998-07-12,9:20:00,obsr107968,S4922291,Traveling,P22,EBIRD,40,4.828,,2,0,G105849,0,1,0,,with Rita,pair circling over lake
URN:CornellLabOfOrnithology:EBIRD:OBS338050049,2021-04-24 20:42:40,8271,species,avibase-FED3756C,Bald Eagle,Haliaeetus leucocephalus,,,,X,,,,,United States,US,California,US-CA,Lassen,US-CA-035,US-CA_3085,15,,,Eagle Lake,L109419,H,40.654076,-120.7411194,1998-07-12,7:30:00,obsr276807,S24735866,Historical,P62,EBIRD,480,,,12,1,,0,1,0,,,
URN:CornellLabOfOrnithology:EBIRD:OBS1735785380,2023-05-21 15:52:34,8271,species,avibase-FED3756C,Bald Eagle,Haliaeetus leucocephalus,,,,2,,,,"Unknown Sex, Immature (1); Unknown Sex, Adult (1)",United States,US,California,US-CA,Modoc,US-CA-049,,9,,,Alturas,L24547031,P,41.4863821,-120.5424811,1998-07-09,17:30:00,obsr53545,S138731238,Incidental,P20,EBIRD,,,,2,0,,0,1,0,,,
URN:CornellLabOfOrnithology:EBIRD:OBS344393083,2018-08-02 22:31:57,8271,species,avibase-FED3756C,Bald Eagle,Haliaeetus leucocephalus,,,,X,,,,,United States,US,California,US-CA,Plumas,US-CA-063,,15,,,Little Grass Valley Reservoir,L1216617,H,39.7317459,-120.992775,1998-07-04,,obsr166210,S25176662,Incidental,P20,EBIRD,,,,1,0,,0,1,0,,,/b/m/x/x Little Grass Valley Lake
URN:CornellLabOfOrnithology:EBIRD:OBS75689615,2024-03-02 0:59:59,8271,species,avibase-FED3756C,Bald Eagle,Haliaeetus leucocephalus,,,,1,,,,,United States,US,California,US-CA,Shasta,US-CA-089,,32,,,Clear Creek WTP,L208735,H,40.50232,-122.36763,1998-07-14,8:30:00,obsr167174,S5388301,Traveling,P22,EBIRD,60,0.483,,3,0,G123832,0,1,0,,,ad
URN:CornellLabOfOrnithology:EBIRD:OBS338959694,2024-03-02 0:59:59,8271,species,avibase-FED3756C,Bald Eagle,Haliaeetus leucocephalus,,,,X,,,,,United States,US,California,US-CA,Shasta,US-CA-089,,9,,,McArthur-Burney Falls Memorial SP,L367727,H,41.0176639,-121.6508389,1998-07-10,,obsr276807,S24796114,Historical,P62,EBIRD,,,,1,1,,0,1,0,,,
URN:CornellLabOfOrnithology:EBIRD:OBS307895310,2015-04-05 23:54:39,8271,species,avibase-FED3756C,Bald Eagle,Haliaeetus leucocephalus,,,,1,,,,,United States,US,California,US-CA,Shasta,US-CA-089,,9,,,McArthur-Burney Falls Memorial SP,L367727,H,41.0176639,-121.6508389,1998-07-20,,obsr205340,S22712013,Incidental,P20,EBIRD,,,,,0,G1207070,0,1,0,,,
URN:CornellLabOfOrnithology:EBIRD:OBS75128336,2024-03-02 0:59:59,8271,species,avibase-FED3756C,Bald Eagle,Haliaeetus leucocephalus,,,,1,,,,,United States,US,California,US-CA,Shasta,US-CA-089,,32,,,Clear Creek WTP,L208735,H,40.50232,-122.36763,1998-07-14,8:30:00,obsr107968,S5350133,Traveling,P22,EBIRD,60,0.483,,3,0,G123832,0,1,0,,with Rita & Stuart Keith; we may have gone for the known Blue Grosbeaks. Hot & calm day,ad
URN:CornellLabOfOrnithology:EBIRD:OBS122112995,2015-04-05 23:54:39,8271,species,avibase-FED3756C,Bald Eagle,Haliaeetus leucocephalus,,,,1,,,,,United States,US,California,US-CA,Shasta,US-CA-089,,9,,,McArthur-Burney Falls Memorial SP,L367727,H,41.0176639,-121.6508389,1998-07-20,,obsr22614,S8505460,Incidental,P20,EBIRD,,,,,0,G1207070,0,1,0,,,
URN:CornellLabOfOrnithology:EBIRD:OBS642767414,2018-08-02 22:32:04,8271,species,avibase-FED3756C,Bald Eagle,Haliaeetus leucocephalus,,,,X,,,,,United States,US,California,US-CA,Sierra,US-CA-091,,15,,,SFSU--Sierra Nevada Field Campus,L339876,H,39.625218,-120.576131,1998-07-21,,obsr302493,S47427026,Historical,P62,EBIRD,,,,,0,,0,1,0,,"Taught a bird-banding class at the field station, Jul 18-26; birds noted in the area, not netted",
URN:CornellLabOfOrnithology:EBIRD:OBS150779032,2018-02-26 19:24:24,8271,species,avibase-FED3756C,Bald Eagle,Haliaeetus leucocephalus,,,,1,,,,,United States,US,California,US-CA,Siskiyou,US-CA-093,US-CA_116,5,,,Lake Shastina,L803520,H,41.5162898,-122.3945618,1998-07-25,10:00:00,obsr204942,S10606908,Traveling,P22,EBIRD,240,8.047,,2,1,G402120,0,1,0,,,
URN:CornellLabOfOrnithology:EBIRD:OBS150946385,2018-02-26 19:24:24,8271,species,avibase-FED3756C,Bald Eagle,Haliaeetus leucocephalus,,,,1,,,,,United States,US,California,US-CA,Siskiyou,US-CA-093,US-CA_116,5,,,Lake Shastina,L803520,H,41.5162898,-122.3945618,1998-07-25,10:00:00,obsr140586,S10617314,Traveling,P22,EBIRD,240,8.047,,2,1,G402120,0,1,0,,,
URN:CornellLabOfOrnithology:EBIRD:OBS1107162464,2021-03-30 11:40:46,8271,species,avibase-FED3756C,Bald Eagle,Haliaeetus leucocephalus,,,,1,,,,,United States,US,California,US-CA,Trinity,US-CA-105,,5,,,Mary Smith Campground,L1785139,H,40.7293913,-122.8066367,1998-07-27,,obsr1532548,S84398483,Incidental,P20,EBIRD,,,,,0,,0,1,0,,On a camping trip to Lewiston Lake.,Teri Hunt and I were sitting in our camp when we saw one fly in and perch in a tree across the lake from us. It had a fish and began eating it.
URN:CornellLabOfOrnithology:EBIRD:OBS745113636,2019-04-26 0:34:51,8271,species,avibase-FED3756C,Bald Eagle,Haliaeetus leucocephalus,,,,X,,,,,United States,US,California,US-CA,Shasta,US-CA-089,,9,,,Burney Falls,L469136,H,41.0121469,-121.6522604,1998-08-01,,obsr61274,S55416720,Incidental,P20,EBIRD,,,,,1,G4086227,0,1,0,,,
URN:CornellLabOfOrnithology:EBIRD:OBS110977395,2019-04-26 0:34:51,8271,species,avibase-FED3756C,Bald Eagle,Haliaeetus leucocephalus,,,,X,,,,,United States,US,California,US-CA,Shasta,US-CA-089,,9,,,Burney Falls,L469136,H,41.0121469,-121.6522604,1998-08-01,,obsr29924,S7756031,Incidental,P20,EBIRD,,,,,1,G4086227,0,1,0,,,
URN:CornellLabOfOrnithology:EBIRD:OBS953450630,2020-07-19 22:45:34,8271,species,avibase-FED3756C,Bald Eagle,Haliaeetus leucocephalus,,,,1,,,,,United States,US,California,US-CA,Shasta,US-CA-089,,9,,,McArthur-Burney Falls Memorial SP,L367727,H,41.0176639,-121.6508389,1998-08-14,7:00:00,obsr57626,S71247225,Traveling,P22,EBIRD,180,3.219,,2,1,,0,1,0,,with Joanna Overkamp,
URN:CornellLabOfOrnithology:EBIRD:OBS552982813,2017-12-12 17:56:59,8271,species,avibase-FED3756C,Bald Eagle,Haliaeetus leucocephalus,,,,1,,,,,United States,US,California,US-CA,Trinity,US-CA-105,,5,,,Ruth Lake--Hobart Campground,L518895,H,40.3125196,-123.3613586,1998-08-23,,obsr114768,S40781557,Incidental,P20,EBIRD,,,,1,0,,0,1,0,,From old notes. Gjon C. Hazard,"One adult, chased by Osprey."
URN:CornellLabOfOrnithology:EBIRD:OBS28165589,2016-08-12 17:08:16,8271,species,avibase-FED3756C,Bald Eagle,Haliaeetus leucocephalus,,,,X,,,,,United States,US,California,US-CA,Nevada,US-CA-057,,15,,,Grass Valley,L151520,T,39.21909,-121.06106,1998-09-01,,obsr19832,S2113880,Incidental,P20,EBIRD,,,,,0,,0,1,0,,,
URN:CornellLabOfOrnithology:EBIRD:OBS302385944,2024-02-29 10:38:58,8271,species,avibase-FED3756C,Bald Eagle,Haliaeetus leucocephalus,,,,1,,,,"Unknown Sex, Adult (1)",United States,US,California,US-CA,Shasta,US-CA-089,,32,,,Kutras Lake,L241417,H,40.5786141,-122.3682125,1998-10-29,12:00:00,obsr26970,S22293104,Historical,P62,EBIRD,,,,1,0,,0,1,0,,Almost all the pochards were gone.,
URN:CornellLabOfOrnithology:EBIRD:OBS123483640,2011-07-31 11:10:19,8271,species,avibase-FED3756C,Bald Eagle,Haliaeetus leucocephalus,,,,1,,,,"Unknown Sex, Immature (1)",United States,US,California,US-CA,Contra Costa,US-CA-013,BIRDLIFE_29517|US-CA_164,32,,,Vasco Rd.,L822449,P,37.8508657,-121.6473198,1998-11-25,8:15:00,obsr194146,S8612380,Incidental,P20,EBIRD,,,,1,0,,0,1,0,,,likely flying from Los Vaqueros Res. to Clifton Court Forebay
URN:CornellLabOfOrnithology:EBIRD:OBS785424876,2019-07-15 14:46:22,8271,species,avibase-FED3756C,Bald Eagle,Haliaeetus leucocephalus,,,,X,,,,,United States,US,California,US-CA,Marin,US-CA-041,,32,,,Hawk Hill,L224081,H,37.8281456,-122.4991411,1998-11-12,9:00:00,obsr533673,S58203693,Stationary,P21,EBIRD,360,,,10,0,,0,1,0,,,
URN:CornellLabOfOrnithology:EBIRD:OBS69227514,2018-08-02 22:33:40,8271,species,avibase-FED3756C,Bald Eagle,Haliaeetus leucocephalus,,,,1,,,,,United States,US,California,US-CA,Alpine,US-CA-003,,15,,,Indian Creek Reservoir,L272916,H,38.7460172,-119.7780132,1998-12-19,9:00:00,obsr107968,S4925220,Traveling,P22,EBIRD,60,0.805,,2,1,G105949,0,1,0,,"Cold & overcast when we arrived, and light snow flurries appeared during the later part of the hour, while scoping from the campground at S end of lake. With the storm front, the flock of gulls appeared and landed on the lake, including the juv Thayer''s. We (Rita & I) were able to get over Carson Pass before getting snowed-in. All counts on checklist are careful estimates or exact counts",adult
URN:CornellLabOfOrnithology:EBIRD:OBS1321607999,2022-01-18 15:31:25,8271,species,avibase-FED3756C,Bald Eagle,Haliaeetus leucocephalus,,,,4,,,,"Unknown Sex, Adult (2); Unknown Sex, Immature (2)",United States,US,California,US-CA,Alpine,US-CA-003,,15,,,Woodfords,L1828031,H,38.7757885,-119.8238578,1998-12-19,9:00:00,obsr34738,S100996755,Historical,P62,EBIRD,180,,,5,1,,0,1,0,,"One of our first CBCs (Woodfords). With Kimya, Dan Tankersley, Jan Tankersley, Terry Thomas. 18-23F. Light snow, gettting heavier.",Landing in a field with a dead cow.
URN:CornellLabOfOrnithology:EBIRD:OBS69531204,2018-08-02 22:33:41,8271,species,avibase-FED3756C,Bald Eagle,Haliaeetus leucocephalus,,,,1,,,,,United States,US,California,US-CA,Alpine,US-CA-003,,15,,,Indian Creek Reservoir,L272916,H,38.7460172,-119.7780132,1998-12-19,9:00:00,obsr167174,S4941414,Traveling,P22,EBIRD,60,0.805,,2,1,G105949,0,1,0,,,adult
URN:CornellLabOfOrnithology:EBIRD:OBS69531250,2018-08-02 22:33:41,8271,species,avibase-FED3756C,Bald Eagle,Haliaeetus leucocephalus,,,,1,,,,,United States,US,California,US-CA,Amador,US-CA-005,,32,,,Camanche Reservoir--north shore (AMA Co.),L617736,H,38.2311012,-120.9568977,1998-12-19,15:30:00,obsr167174,S4941416,Stationary,P21,EBIRD,15,,,2,1,G105951,0,1,0,,,first-cycle
URN:CornellLabOfOrnithology:EBIRD:OBS69230183,2018-08-02 22:33:41,8271,species,avibase-FED3756C,Bald Eagle,Haliaeetus leucocephalus,,,,1,,,,,United States,US,California,US-CA,Amador,US-CA-005,,32,,,Camanche Reservoir--north shore (AMA Co.),L617736,H,38.2311012,-120.9568977,1998-12-19,15:30:00,obsr107968,S4925332,Stationary,P21,EBIRD,15,,,2,1,G105951,0,1,0,,with Rita,first-cycle
URN:CornellLabOfOrnithology:EBIRD:OBS299976840,2024-09-09 21:58:21,8271,species,avibase-FED3756C,Bald Eagle,Haliaeetus leucocephalus,,,,1,,,,,United States,US,California,US-CA,Butte,US-CA-007,US-CA_231,32,,,Gray Lodge Wildlife Area,L368257,H,39.322878,-121.8361473,1998-12-22,7:30:00,obsr26970,S22101396,Traveling,P22,EBIRD,585,28.968,,1,1,,0,1,0,,"Peace Valley CBC; I covered the west half of the wildlife area by myself, having access to non-public areas in a state truck.",
URN:CornellLabOfOrnithology:EBIRD:OBS462093988,2024-09-09 22:30:58,8271,species,avibase-FED3756C,Bald Eagle,Haliaeetus leucocephalus,,,,X,,,,,United States,US,California,US-CA,Glenn,US-CA-021,US-CA_231,32,USFWS_659,,Sacramento NWR,L168785,H,39.405434,-122.17191,1998-12-05,,obsr277110,S34071133,Incidental,P20,EBIRD,,,,1,0,,0,1,0,,,1 /m
URN:CornellLabOfOrnithology:EBIRD:OBS1310284756,2022-10-21 8:30:34,8271,species,avibase-FED3756C,Bald Eagle,Haliaeetus leucocephalus,,,,1,,,,,United States,US,California,US-CA,Glenn,US-CA-021,US-CA_231,32,USFWS_659,,Sacramento NWR,L168785,H,39.405434,-122.17191,1998-12-28,,obsr978354,S100069745,Historical,P62,EBIRD,,,,3,0,,0,1,0,,,
URN:CornellLabOfOrnithology:EBIRD:OBS298463667,2022-10-21 8:53:50,8271,species,avibase-FED3756C,Bald Eagle,Haliaeetus leucocephalus,,,,1,,,,,United States,US,California,US-CA,Glenn,US-CA-021,US-CA_231,32,USFWS_659,,Sacramento NWR--Auto Route & Visitor Center,L837268,H,39.4284385,-122.1564999,1998-12-05,10:00:00,obsr232710,S21979473,Traveling,P22,EBIRD,180,8.047,,2,0,,0,1,0,,,
URN:CornellLabOfOrnithology:EBIRD:OBS169073726,2021-03-18 22:28:45,8271,species,avibase-FED3756C,Bald Eagle,Haliaeetus leucocephalus,,,,1,,,,,United States,US,California,US-CA,Kern,US-CA-029,,33,,,China Lake NAWS--Sewage Ponds (restricted access),L772068,H,35.672219,-117.63834,1998-12-15,,obsr206950,S12000024,Incidental,P20,EBIRD,,,,,1,,0,1,0,,,immature
URN:CornellLabOfOrnithology:EBIRD:OBS110830993,2025-03-05 17:32:57,8271,species,avibase-FED3756C,Bald Eagle,Haliaeetus leucocephalus,,,,2,,,,,United States,US,California,US-CA,Los Angeles,US-CA-037,BIRDLIFE_26215|US-CA_193,32,,,Santa Catalina Island (LA Co.),L109509,H,33.370512,-118.420384,1998-12-20,5:56:00,obsr165844,S7746508,Incidental,P20,EBIRD,531,,,1,1,,0,1,0,,,
URN:CornellLabOfOrnithology:EBIRD:OBS96812547,2013-09-30 16:10:09,8271,species,avibase-FED3756C,Bald Eagle,Haliaeetus leucocephalus,,,,1,,,,,United States,US,California,US-CA,Los Angeles,US-CA-037,,32,,,Sepulveda Basin Wildlife Reserve,L976359,P,34.1736068,-118.4748459,1998-12-23,8:00:00,obsr208620,S6759829,Stationary,P21,EBIRD,60,,,2,0,,0,1,0,,,
URN:CornellLabOfOrnithology:EBIRD:OBS785425045,2019-07-15 14:46:25,8271,species,avibase-FED3756C,Bald Eagle,Haliaeetus leucocephalus,,,,X,,,,,United States,US,California,US-CA,Marin,US-CA-041,,32,,,Hawk Hill,L224081,H,37.8281456,-122.4991411,1998-12-07,9:00:00,obsr533673,S58203713,Stationary,P21,EBIRD,360,,,9,0,,0,1,0,,,
URN:CornellLabOfOrnithology:EBIRD:OBS517476206,2023-07-31 20:06:58,8271,species,avibase-FED3756C,Bald Eagle,Haliaeetus leucocephalus,,,,1,,,,"Unknown Sex, Adult (1)",United States,US,California,US-CA,Mendocino,US-CA-045,,32,,,Hopland Research and Extension Center (Restricted Access),L2146581,H,39.0020417,-123.0847102,1998-12-27,,obsr548521,S38055970,Incidental,P20,EBIRD,,,,,0,,0,1,0,,,at Niderost RJK
URN:CornellLabOfOrnithology:EBIRD:OBS128471174,2021-04-02 4:23:10,8271,species,avibase-FED3756C,Bald Eagle,Haliaeetus leucocephalus,,,,1,,,,"Unknown Sex, Adult (1)",United States,US,California,US-CA,Mendocino,US-CA-045,,32,,,Lake Mendocino,L1289761,H,39.2165613,-123.1721878,1998-12-19,5:00:00,obsr32525,S8981643,Traveling,P22,EBIRD,720,14.886,,4,1,,0,1,0,,"Area 3 of Ukiah Christmas Bird Count.  Barbara Dolan, Sam Masters, John Dane, George Chaniot.  2 hours owling, 3 hr and 1.25 mi on foot, 6.5 hr and 8 mi by boat.  Concentrated on the east side of the lake, but I have added in a few lake species from Area 2 on the west side of the lake.",
URN:CornellLabOfOrnithology:EBIRD:OBS354126229,2016-03-17 15:12:37,8271,species,avibase-FED3756C,Bald Eagle,Haliaeetus leucocephalus,,,,X,,,,,United States,US,California,US-CA,Monterey,US-CA-053,BIRDLIFE_29509|US-CA_121,32,,,Pfeiffer Big Sur SP,L317501,H,36.2496724,-121.7794991,1998-12-23,,obsr663033,S25900239,Historical,P62,EBIRD,,,,,1,,0,1,0,,On day hike with Judy on central CA coast.,
URN:CornellLabOfOrnithology:EBIRD:OBS945669515,2021-03-30 22:18:49,8271,species,avibase-FED3756C,Bald Eagle,Haliaeetus leucocephalus,,,,1,,,,,United States,US,California,US-CA,Orange,US-CA-059,,32,,,Anaheim Coves Park (aka Burris Basin),L1396236,H,33.8257044,-117.869868,1998-12-26,9:10:00,obsr106937,S70643535,Historical,P62,EBIRD,50,,,1,0,,0,1,0,,"The following was taken directly from my birding notes for this date and location (entered into eBird in 6/20/2020). Weather: Overcast (thin to moderate) most of the morning, mostly clearing in PM. 40s to 70s (deg. F), calm.","This is back when this species was still hard to come by in the OC. My notes stated: ""One at Burris Pit/the Santa Ana River just below Lincoln. One of the ""white-bellied/""Osprey head appearance"" type. Maybe not as Osprey-like as last year's bird here. Eye color seemed dark. Dark upper breast (band), white through rest of breast and belly, with sparse dark brown mottling here and there (&lt; or = to 20% cover). Dirty white on basal 2/3 of tail, with fine dark mottling. Didn't study trailing edge of open wing well, but seemed a bit ""ragged"" (that is, not consistently the same length/shape in feather types). Watched it harass an AMCO for some time in the Santa Ana River bed, directly east of Burris. Flying in tight circles, even ""hovering"" overhead, about 75 to 100 feet up. The coot staying underwater (fairly shallow however here). Whenever coot made a brief appearance above water, the eagle would drop, but the AMCO would instantly go under again. Went in for perhaps a few minutes before the BAEA tired out and gave up."""
URN:CornellLabOfOrnithology:EBIRD:OBS221065350,2021-03-18 23:20:34,8271,species,avibase-FED3756C,Bald Eagle,Haliaeetus leucocephalus,,,,2,,,,"Unknown Sex, Immature (2)",United States,US,California,US-CA,Riverside,US-CA-065,BIRDLIFE_31373|US-CA_244,32,,,Lake Perris State Recreation Area,L285944,H,33.8622197,-117.1685886,1998-12-11,8:00:00,obsr106803,S15952814,Incidental,P20,EBIRD,,,,1,1,,0,1,0,,Bernasconi Beach area,Being harassed by FEHA
URN:CornellLabOfOrnithology:EBIRD:OBS914544122,2024-01-16 23:28:08,8271,species,avibase-FED3756C,Bald Eagle,Haliaeetus leucocephalus,,,,3,,,,"Unknown Sex, Immature (2); Unknown Sex, Adult (1)",United States,US,California,US-CA,Riverside,US-CA-065,BIRDLIFE_31373|US-CA_244,32,,,San Jacinto Wildlife Area,L163561,H,33.8854488,-117.104104,1998-12-24,7:00:00,obsr113508,S68566228,Traveling,P22,EBIRD,570,16.093,,8,1,,0,1,0,,"Bill Myers, Tony Metcalf,Tom and Sue Pollack (refuge manager), others. Cool, clear.",
URN:CornellLabOfOrnithology:EBIRD:OBS299978630,2024-03-02 0:59:45,8271,species,avibase-FED3756C,Bald Eagle,Haliaeetus leucocephalus,,,,6,,,,,United States,US,California,US-CA,Shasta,US-CA-089,US-CA_109,9,,,Fall River Valley,L109431,H,41.0734,-121.4398,1998-12-19,8:00:00,obsr26970,S22101537,Traveling,P22,EBIRD,420,24.14,,3,1,,0,1,0,,"John Coon, Trent Copeland, and myself, SE portion of Fall River CBC.  Pittville, Lee, Lewis Roads, plus McArthur Road to the Glenburn Church.  Cold and windy at first, but mostly calm and clear.  I missed the Oak Titmouse seen by Trent.",
URN:CornellLabOfOrnithology:EBIRD:OBS1107177268,2024-12-06 9:35:01,8271,species,avibase-FED3756C,Bald Eagle,Haliaeetus leucocephalus,,,,X,,,,,United States,US,California,US-CA,Siskiyou,US-CA-093,US-CA_112,9,USFWS_550,,"Lower Klamath NWR, Auto Tour Route",L14215205,P,41.9967684,-121.7118684,1998-12-27,,obsr1532548,S84392901,Incidental,P20,EBIRD,,,,2,0,,0,1,0,,,
URN:CornellLabOfOrnithology:EBIRD:OBS105686149,2024-04-26 10:07:30,8271,species,avibase-FED3756C,Bald Eagle,Haliaeetus leucocephalus,,,,4,,,,"Unknown Sex, Immature (2); Unknown Sex, Adult (2)",United States,US,California,US-CA,Trinity,US-CA-105,,5,,,Willow Creek CBC East - Trinity County area,L5182047,P,40.8876056,-123.5584795,1998-12-26,8:00:00,obsr34879,S7431125,Traveling,P22,EBIRD,480,11.265,,2,1,,0,1,0,,"Willow Creek to Salyer Rest Area. Talked to Max Rowley, long time Forest Service employee and area resident, said this was one of the heaviest years ever he had seen for madrone berry and acorn mast production, provided huge amounts of food for ground feeders like quail,  I guess the fox sparrows were taking advantage of this also.  David Anderson worked with me on this count.","2 adults, 1 immature, 1 3rd/4th year bird"
URN:CornellLabOfOrnithology:EBIRD:OBS210504869,2018-08-02 22:33:33,8271,species,avibase-FED3756C,Bald Eagle,Haliaeetus leucocephalus,,,,1,,,,,United States,US,California,US-CA,Trinity,US-CA-105,,5,,,Lewiston-Trinity Lakes area,L2351395,P,40.8147793,-122.88414,1998-12-06,8:00:00,obsr26970,S15144063,Traveling,P22,EBIRD,240,54.718,,2,1,,0,1,0,,"Todd Easterla and Bruce Deuel.  We plowed through 6"" of snow covering both lakes from Lewiston dam to Trinity Center.  I didn't keep separate lists, but most of the birds were probably on Trinity Lake.  I missed Mourning Dove and American Pipit.",
URN:CornellLabOfOrnithology:EBIRD:OBS282450793,2021-04-01 2:51:31,8271,species,avibase-FED3756C,Bald Eagle,Haliaeetus leucocephalus,,,,1,,,,"Unknown Sex, Adult (1)",United States,US,California,US-CA,Tulare,US-CA-107,,32,,,Springville--Globe Dr.,L2378412,H,36.0877101,-118.8167404,1998-12-19,,obsr103797,S20666892,Historical,P62,EBIRD,,,,3,1,G1053856,0,1,0,,"Observers: Alison Sheehey, Deb Tenzer, John Willson. Coverage: Globe Drive. Owling miles 5, owling hours 1, party miles 43 (38 by car, 5 on foot), party hours 10 (4 by car, 6 on foot). 6am-4pm. Temperature: 47 degrees Fahrenheit low. A.M. & P.M.: Mostly cloudy with calm winds.",was an adult
URN:CornellLabOfOrnithology:EBIRD:OBS282524262,2023-10-22 4:28:58,8271,species,avibase-FED3756C,Bald Eagle,Haliaeetus leucocephalus,,,,2,,,,"Unknown Sex, Adult (2)",United States,US,California,US-CA,Tulare,US-CA-107,US-CA_177,32,,,Success Lake--Tule & Rocky Hill Areas/CA-190 viewing locations,L573559,H,36.0708167,-118.9145135,1998-12-19,7:00:00,obsr429606,S20672268,Historical,P62,EBIRD,,,,1,1,,0,1,0,,,were both adults
URN:CornellLabOfOrnithology:EBIRD:OBS282535882,2023-10-22 4:28:59,8271,species,avibase-FED3756C,Bald Eagle,Haliaeetus leucocephalus,,,,1,,,,,United States,US,California,US-CA,Tulare,US-CA-107,,32,,,Success Valley Dr.,L2376097,H,36.0619307,-118.8676688,1998-12-19,7:00:00,obsr429606,S20673043,Historical,P62,EBIRD,600,,,5,1,,0,1,0,,,was an adult male flying overhead at 3pm.
URN:CornellLabOfOrnithology:EBIRD:OBS282445122,2021-04-01 2:51:31,8271,species,avibase-FED3756C,Bald Eagle,Haliaeetus leucocephalus,,,,1,,,,"Unknown Sex, Adult (1)",United States,US,California,US-CA,Tulare,US-CA-107,,32,,,Springville--Globe Dr.,L2378412,H,36.0877101,-118.8167404,1998-12-19,,obsr7422,S20666446,Historical,P62,EBIRD,,,,3,1,G1053856,0,1,0,,"Observers: Alison Sheehey, Deb Tenzer, John Willson. Coverage: Globe Drive. Owling miles 5, owling hours 1, party miles 43 (38 by car, 5 on foot), party hours 10 (4 by car, 6 on foot). 6am-4pm. Temperature: 47 degrees Fahrenheit low. A.M. & P.M.: Mostly cloudy with calm winds.",was an adult
URN:CornellLabOfOrnithology:EBIRD:OBS470349710,2017-02-25 13:31:11,8271,species,avibase-FED3756C,Bald Eagle,Haliaeetus leucocephalus,,,,2,,,,"Unknown Sex, Adult (2)",United States,US,California,US-CA,Yuba,US-CA-115,,32,,,Woodruff Rd.,L1793279,P,39.2138054,-121.5414985,1998-12-13,,obsr270838,S34788764,Incidental,P20,EBIRD,,,,1,0,,0,1,0,,,